Observation ID,Person 1,Person 2
1,3,3
2,3,3
3,2,3
4,1,2
5,1,1
6,1,3
7,3,1
8,3,2
9,1,1
10,2,2
11,1,2
12,1,1
13,3,3
14,2,3
15,1,3
16,1,3
17,2,1
18,3,3
19,3,3
20,3,3
21,2,2
22,1,3
23,3,3
24,2,1
25,1,1
26,1,2
27,2,2
28,2,2
29,3,3
30,1,1
31,1,2
32,1,1
33,2,2
34,3,3
35,3,3
36,3,3
37,3,2
38,2,2
39,1,1
40,2,
41,3,3
42,2,1
43,1,3
44,1,1
45,1,1
46,3,3
47,3,3
48,3,3
49,2,3
50,3,2
51,1,1
52,2,2
53,2,3
54,3,3
55,1,2
56,3,2
57,2,2
58,1,3
59,3,2
60,2,3
